task,classifier,train_fraction,seed,n_train,class_label,precision,recall,f1,support
gender,logistic_regression,0.1,13,16,F,0.5,0.5211267605633803,0.5103448275862069,71.0
gender,logistic_regression,0.1,13,16,M,0.5,0.4788732394366197,0.4892086330935252,71.0
gender,random_forest,0.1,13,16,F,0.48333333333333334,0.4084507042253521,0.44274809160305345,71.0
gender,random_forest,0.1,13,16,M,0.4878048780487805,0.5633802816901409,0.5228758169934641,71.0
gender,hist_gradient_boosting,0.1,13,16,F,0.5,1.0,0.6666666666666666,71.0
gender,hist_gradient_boosting,0.1,13,16,M,0.0,0.0,0.0,71.0
gender,xgboost,0.1,13,16,F,0.5434782608695652,0.352112676056338,0.42735042735042733,71.0
gender,xgboost,0.1,13,16,M,0.5208333333333334,0.704225352112676,0.5988023952095808,71.0
gender,mlp,0.1,13,16,F,0.49056603773584906,0.7323943661971831,0.5875706214689266,71.0
gender,mlp,0.1,13,16,M,0.4722222222222222,0.23943661971830985,0.3177570093457944,71.0
gender,logistic_regression,0.1,21,16,F,0.55,0.6197183098591549,0.5827814569536424,71.0
gender,logistic_regression,0.1,21,16,M,0.5645161290322581,0.49295774647887325,0.5263157894736842,71.0
gender,random_forest,0.1,21,16,F,0.53125,0.4788732394366197,0.5037037037037037,71.0
gender,random_forest,0.1,21,16,M,0.5256410256410257,0.5774647887323944,0.5503355704697986,71.0
gender,hist_gradient_boosting,0.1,21,16,F,0.5,1.0,0.6666666666666666,71.0
gender,hist_gradient_boosting,0.1,21,16,M,0.0,0.0,0.0,71.0
gender,xgboost,0.1,21,16,F,0.4444444444444444,0.4507042253521127,0.44755244755244755,71.0
gender,xgboost,0.1,21,16,M,0.44285714285714284,0.43661971830985913,0.4397163120567376,71.0
gender,mlp,0.1,21,16,F,0.5038167938931297,0.9295774647887324,0.6534653465346535,71.0
gender,mlp,0.1,21,16,M,0.5454545454545454,0.08450704225352113,0.14634146341463414,71.0
gender,logistic_regression,0.1,34,16,F,0.47058823529411764,0.3380281690140845,0.39344262295081966,71.0
gender,logistic_regression,0.1,34,16,M,0.4835164835164835,0.6197183098591549,0.5432098765432098,71.0
gender,random_forest,0.1,34,16,F,0.4868421052631579,0.5211267605633803,0.5034013605442177,71.0
gender,random_forest,0.1,34,16,M,0.48484848484848486,0.4507042253521127,0.46715328467153283,71.0
gender,hist_gradient_boosting,0.1,34,16,F,0.5,1.0,0.6666666666666666,71.0
gender,hist_gradient_boosting,0.1,34,16,M,0.0,0.0,0.0,71.0
gender,xgboost,0.1,34,16,F,0.4657534246575342,0.4788732394366197,0.4722222222222222,71.0
gender,xgboost,0.1,34,16,M,0.463768115942029,0.4507042253521127,0.45714285714285713,71.0
gender,mlp,0.1,34,16,F,0.5434782608695652,0.352112676056338,0.42735042735042733,71.0
gender,mlp,0.1,34,16,M,0.5208333333333334,0.704225352112676,0.5988023952095808,71.0
gender,logistic_regression,0.1,55,16,F,0.6181818181818182,0.4788732394366197,0.5396825396825397,71.0
gender,logistic_regression,0.1,55,16,M,0.5747126436781609,0.704225352112676,0.6329113924050633,71.0
gender,random_forest,0.1,55,16,F,0.4931506849315068,0.5070422535211268,0.5,71.0
gender,random_forest,0.1,55,16,M,0.4927536231884058,0.4788732394366197,0.4857142857142857,71.0
gender,hist_gradient_boosting,0.1,55,16,F,0.5,1.0,0.6666666666666666,71.0
gender,hist_gradient_boosting,0.1,55,16,M,0.0,0.0,0.0,71.0
gender,xgboost,0.1,55,16,F,0.5368421052631579,0.7183098591549296,0.6144578313253012,71.0
gender,xgboost,0.1,55,16,M,0.574468085106383,0.38028169014084506,0.4576271186440678,71.0
gender,mlp,0.1,55,16,F,0.5234375,0.9436619718309859,0.6733668341708543,71.0
gender,mlp,0.1,55,16,M,0.7142857142857143,0.14084507042253522,0.23529411764705882,71.0
gender,logistic_regression,0.1,89,16,F,0.5058823529411764,0.6056338028169014,0.5512820512820513,71.0
gender,logistic_regression,0.1,89,16,M,0.5087719298245614,0.4084507042253521,0.453125,71.0
gender,random_forest,0.1,89,16,F,0.5316455696202531,0.5915492957746479,0.56,71.0
gender,random_forest,0.1,89,16,M,0.5396825396825397,0.4788732394366197,0.5074626865671642,71.0
gender,hist_gradient_boosting,0.1,89,16,F,0.5,1.0,0.6666666666666666,71.0
gender,hist_gradient_boosting,0.1,89,16,M,0.0,0.0,0.0,71.0
gender,xgboost,0.1,89,16,F,0.5833333333333334,0.39436619718309857,0.47058823529411764,71.0
gender,xgboost,0.1,89,16,M,0.5425531914893617,0.7183098591549296,0.6181818181818182,71.0
gender,mlp,0.1,89,16,F,0.5217391304347826,0.8450704225352113,0.6451612903225806,71.0
gender,mlp,0.1,89,16,M,0.5925925925925926,0.22535211267605634,0.32653061224489793,71.0
gender,logistic_regression,0.25,13,38,F,0.5142857142857142,0.5070422535211268,0.5106382978723404,71.0
gender,logistic_regression,0.25,13,38,M,0.5138888888888888,0.5211267605633803,0.5174825174825175,71.0
gender,random_forest,0.25,13,38,F,0.5384615384615384,0.5915492957746479,0.5637583892617449,71.0
gender,random_forest,0.25,13,38,M,0.546875,0.49295774647887325,0.5185185185185185,71.0
gender,hist_gradient_boosting,0.25,13,38,F,0.5,1.0,0.6666666666666666,71.0
gender,hist_gradient_boosting,0.25,13,38,M,0.0,0.0,0.0,71.0
gender,xgboost,0.25,13,38,F,0.5068493150684932,0.5211267605633803,0.5138888888888888,71.0
gender,xgboost,0.25,13,38,M,0.5072463768115942,0.49295774647887325,0.5,71.0
gender,mlp,0.25,13,38,F,0.49019607843137253,0.704225352112676,0.5780346820809249,71.0
gender,mlp,0.25,13,38,M,0.475,0.2676056338028169,0.34234234234234234,71.0
gender,logistic_regression,0.25,21,38,F,0.4880952380952381,0.5774647887323944,0.5290322580645161,71.0
gender,logistic_regression,0.25,21,38,M,0.4827586206896552,0.39436619718309857,0.43410852713178294,71.0
gender,random_forest,0.25,21,38,F,0.5079365079365079,0.4507042253521127,0.47761194029850745,71.0
gender,random_forest,0.25,21,38,M,0.5063291139240507,0.5633802816901409,0.5333333333333333,71.0
gender,hist_gradient_boosting,0.25,21,38,F,0.5,1.0,0.6666666666666666,71.0
gender,hist_gradient_boosting,0.25,21,38,M,0.0,0.0,0.0,71.0
gender,xgboost,0.25,21,38,F,0.5,0.39436619718309857,0.4409448818897638,71.0
gender,xgboost,0.25,21,38,M,0.5,0.6056338028169014,0.5477707006369427,71.0
gender,mlp,0.25,21,38,F,0.46153846153846156,0.7605633802816901,0.574468085106383,71.0
gender,mlp,0.25,21,38,M,0.32,0.11267605633802817,0.16666666666666666,71.0
gender,logistic_regression,0.25,34,38,F,0.45,0.38028169014084506,0.4122137404580153,71.0
gender,logistic_regression,0.25,34,38,M,0.4634146341463415,0.5352112676056338,0.49673202614379086,71.0
gender,random_forest,0.25,34,38,F,0.5161290322580645,0.4507042253521127,0.48120300751879697,71.0
gender,random_forest,0.25,34,38,M,0.5125,0.5774647887323944,0.543046357615894,71.0
gender,hist_gradient_boosting,0.25,34,38,F,0.5,1.0,0.6666666666666666,71.0
gender,hist_gradient_boosting,0.25,34,38,M,0.0,0.0,0.0,71.0
gender,xgboost,0.25,34,38,F,0.45901639344262296,0.39436619718309857,0.42424242424242425,71.0
gender,xgboost,0.25,34,38,M,0.4691358024691358,0.5352112676056338,0.5,71.0
gender,mlp,0.25,34,38,F,0.4722222222222222,0.23943661971830985,0.3177570093457944,71.0
gender,mlp,0.25,34,38,M,0.49056603773584906,0.7323943661971831,0.5875706214689266,71.0
gender,logistic_regression,0.25,55,38,F,0.5135135135135135,0.5352112676056338,0.5241379310344828,71.0
gender,logistic_regression,0.25,55,38,M,0.5147058823529411,0.49295774647887325,0.5035971223021583,71.0
gender,random_forest,0.25,55,38,F,0.5285714285714286,0.5211267605633803,0.524822695035461,71.0
gender,random_forest,0.25,55,38,M,0.5277777777777778,0.5352112676056338,0.5314685314685315,71.0
gender,hist_gradient_boosting,0.25,55,38,F,0.5,1.0,0.6666666666666666,71.0
gender,hist_gradient_boosting,0.25,55,38,M,0.0,0.0,0.0,71.0
gender,xgboost,0.25,55,38,F,0.5256410256410257,0.5774647887323944,0.5503355704697986,71.0
gender,xgboost,0.25,55,38,M,0.53125,0.4788732394366197,0.5037037037037037,71.0
gender,mlp,0.25,55,38,F,0.5,0.8169014084507042,0.6203208556149733,71.0
gender,mlp,0.25,55,38,M,0.5,0.18309859154929578,0.26804123711340205,71.0
gender,logistic_regression,0.25,89,38,F,0.5352112676056338,0.5352112676056338,0.5352112676056338,71.0
gender,logistic_regression,0.25,89,38,M,0.5352112676056338,0.5352112676056338,0.5352112676056338,71.0
gender,random_forest,0.25,89,38,F,0.5142857142857142,0.5070422535211268,0.5106382978723404,71.0
gender,random_forest,0.25,89,38,M,0.5138888888888888,0.5211267605633803,0.5174825174825175,71.0
gender,hist_gradient_boosting,0.25,89,38,F,0.5,1.0,0.6666666666666666,71.0
gender,hist_gradient_boosting,0.25,89,38,M,0.0,0.0,0.0,71.0
gender,xgboost,0.25,89,38,F,0.43243243243243246,0.4507042253521127,0.4413793103448276,71.0
gender,xgboost,0.25,89,38,M,0.4264705882352941,0.4084507042253521,0.4172661870503597,71.0
gender,mlp,0.25,89,38,F,0.5384615384615384,0.7887323943661971,0.64,71.0
gender,mlp,0.25,89,38,M,0.6052631578947368,0.323943661971831,0.42201834862385323,71.0
gender,logistic_regression,0.5,13,76,F,0.5483870967741935,0.4788732394366197,0.5112781954887218,71.0
gender,logistic_regression,0.5,13,76,M,0.5375,0.6056338028169014,0.5695364238410596,71.0
gender,random_forest,0.5,13,76,F,0.5223880597014925,0.49295774647887325,0.5072463768115942,71.0
gender,random_forest,0.5,13,76,M,0.52,0.5492957746478874,0.5342465753424658,71.0
gender,hist_gradient_boosting,0.5,13,76,F,0.5319148936170213,0.704225352112676,0.6060606060606061,71.0
gender,hist_gradient_boosting,0.5,13,76,M,0.5625,0.38028169014084506,0.453781512605042,71.0
gender,xgboost,0.5,13,76,F,0.5303030303030303,0.49295774647887325,0.5109489051094891,71.0
gender,xgboost,0.5,13,76,M,0.5263157894736842,0.5633802816901409,0.54421768707483,71.0
gender,mlp,0.5,13,76,F,0.5058823529411764,0.6056338028169014,0.5512820512820513,71.0
gender,mlp,0.5,13,76,M,0.5087719298245614,0.4084507042253521,0.453125,71.0
gender,logistic_regression,0.5,21,76,F,0.47619047619047616,0.5633802816901409,0.5161290322580645,71.0
gender,logistic_regression,0.5,21,76,M,0.46551724137931033,0.38028169014084506,0.4186046511627907,71.0
gender,random_forest,0.5,21,76,F,0.5,0.5070422535211268,0.5034965034965035,71.0
gender,random_forest,0.5,21,76,M,0.5,0.49295774647887325,0.49645390070921985,71.0
gender,hist_gradient_boosting,0.5,21,76,F,0.5,0.5070422535211268,0.5034965034965035,71.0
gender,hist_gradient_boosting,0.5,21,76,M,0.5,0.49295774647887325,0.49645390070921985,71.0
gender,xgboost,0.5,21,76,F,0.4918032786885246,0.4225352112676056,0.45454545454545453,71.0
gender,xgboost,0.5,21,76,M,0.49382716049382713,0.5633802816901409,0.5263157894736842,71.0
gender,mlp,0.5,21,76,F,0.4954954954954955,0.7746478873239436,0.6043956043956044,71.0
gender,mlp,0.5,21,76,M,0.4838709677419355,0.2112676056338028,0.29411764705882354,71.0
gender,logistic_regression,0.5,34,76,F,0.5223880597014925,0.49295774647887325,0.5072463768115942,71.0
gender,logistic_regression,0.5,34,76,M,0.52,0.5492957746478874,0.5342465753424658,71.0
gender,random_forest,0.5,34,76,F,0.47368421052631576,0.38028169014084506,0.421875,71.0
gender,random_forest,0.5,34,76,M,0.4823529411764706,0.5774647887323944,0.5256410256410257,71.0
gender,hist_gradient_boosting,0.5,34,76,F,0.55,0.4647887323943662,0.5038167938931297,71.0
gender,hist_gradient_boosting,0.5,34,76,M,0.5365853658536586,0.6197183098591549,0.5751633986928104,71.0
gender,xgboost,0.5,34,76,F,0.54,0.38028169014084506,0.4462809917355372,71.0
gender,xgboost,0.5,34,76,M,0.5217391304347826,0.676056338028169,0.588957055214724,71.0
gender,mlp,0.5,34,76,F,0.5,0.36619718309859156,0.42276422764227645,71.0
gender,mlp,0.5,34,76,M,0.5,0.6338028169014085,0.5590062111801242,71.0
gender,logistic_regression,0.5,55,76,F,0.5476190476190477,0.647887323943662,0.5935483870967742,71.0
gender,logistic_regression,0.5,55,76,M,0.5689655172413793,0.4647887323943662,0.5116279069767442,71.0
gender,random_forest,0.5,55,76,F,0.5142857142857142,0.5070422535211268,0.5106382978723404,71.0
gender,random_forest,0.5,55,76,M,0.5138888888888888,0.5211267605633803,0.5174825174825175,71.0
gender,hist_gradient_boosting,0.5,55,76,F,0.4647887323943662,0.4647887323943662,0.4647887323943662,71.0
gender,hist_gradient_boosting,0.5,55,76,M,0.4647887323943662,0.4647887323943662,0.4647887323943662,71.0
gender,xgboost,0.5,55,76,F,0.5066666666666667,0.5352112676056338,0.5205479452054794,71.0
gender,xgboost,0.5,55,76,M,0.5074626865671642,0.4788732394366197,0.4927536231884058,71.0
gender,mlp,0.5,55,76,F,0.5247524752475248,0.7464788732394366,0.6162790697674418,71.0
gender,mlp,0.5,55,76,M,0.5609756097560976,0.323943661971831,0.4107142857142857,71.0
gender,logistic_regression,0.5,89,76,F,0.5070422535211268,0.5070422535211268,0.5070422535211268,71.0
gender,logistic_regression,0.5,89,76,M,0.5070422535211268,0.5070422535211268,0.5070422535211268,71.0
gender,random_forest,0.5,89,76,F,0.5362318840579711,0.5211267605633803,0.5285714285714286,71.0
gender,random_forest,0.5,89,76,M,0.5342465753424658,0.5492957746478874,0.5416666666666666,71.0
gender,hist_gradient_boosting,0.5,89,76,F,0.4931506849315068,0.5070422535211268,0.5,71.0
gender,hist_gradient_boosting,0.5,89,76,M,0.4927536231884058,0.4788732394366197,0.4857142857142857,71.0
gender,xgboost,0.5,89,76,F,0.4406779661016949,0.36619718309859156,0.4,71.0
gender,xgboost,0.5,89,76,M,0.4578313253012048,0.5352112676056338,0.4935064935064935,71.0
gender,mlp,0.5,89,76,F,0.5638297872340425,0.7464788732394366,0.6424242424242425,71.0
gender,mlp,0.5,89,76,M,0.625,0.4225352112676056,0.5042016806722689,71.0
gender,logistic_regression,0.75,13,114,F,0.5384615384615384,0.5915492957746479,0.5637583892617449,71.0
gender,logistic_regression,0.75,13,114,M,0.546875,0.49295774647887325,0.5185185185185185,71.0
gender,random_forest,0.75,13,114,F,0.4583333333333333,0.4647887323943662,0.46153846153846156,71.0
gender,random_forest,0.75,13,114,M,0.45714285714285713,0.4507042253521127,0.45390070921985815,71.0
gender,hist_gradient_boosting,0.75,13,114,F,0.5797101449275363,0.5633802816901409,0.5714285714285714,71.0
gender,hist_gradient_boosting,0.75,13,114,M,0.5753424657534246,0.5915492957746479,0.5833333333333334,71.0
gender,xgboost,0.75,13,114,F,0.578125,0.5211267605633803,0.5481481481481482,71.0
gender,xgboost,0.75,13,114,M,0.5641025641025641,0.6197183098591549,0.5906040268456376,71.0
gender,mlp,0.75,13,114,F,0.47474747474747475,0.6619718309859155,0.5529411764705883,71.0
gender,mlp,0.75,13,114,M,0.4418604651162791,0.2676056338028169,0.3333333333333333,71.0
gender,logistic_regression,0.75,21,114,F,0.5172413793103449,0.4225352112676056,0.46511627906976744,71.0
gender,logistic_regression,0.75,21,114,M,0.5119047619047619,0.6056338028169014,0.5548387096774193,71.0
gender,random_forest,0.75,21,114,F,0.49206349206349204,0.43661971830985913,0.4626865671641791,71.0
gender,random_forest,0.75,21,114,M,0.4936708860759494,0.5492957746478874,0.52,71.0
gender,hist_gradient_boosting,0.75,21,114,F,0.4605263157894737,0.49295774647887325,0.47619047619047616,71.0
gender,hist_gradient_boosting,0.75,21,114,M,0.45454545454545453,0.4225352112676056,0.43795620437956206,71.0
gender,xgboost,0.75,21,114,F,0.43103448275862066,0.352112676056338,0.3875968992248062,71.0
gender,xgboost,0.75,21,114,M,0.4523809523809524,0.5352112676056338,0.49032258064516127,71.0
gender,mlp,0.75,21,114,F,0.48672566371681414,0.7746478873239436,0.5978260869565217,71.0
gender,mlp,0.75,21,114,M,0.4482758620689655,0.18309859154929578,0.26,71.0
gender,logistic_regression,0.75,34,114,F,0.5,0.5492957746478874,0.5234899328859061,71.0
gender,logistic_regression,0.75,34,114,M,0.5,0.4507042253521127,0.4740740740740741,71.0
gender,random_forest,0.75,34,114,F,0.5211267605633803,0.5211267605633803,0.5211267605633803,71.0
gender,random_forest,0.75,34,114,M,0.5211267605633803,0.5211267605633803,0.5211267605633803,71.0
gender,hist_gradient_boosting,0.75,34,114,F,0.44594594594594594,0.4647887323943662,0.45517241379310347,71.0
gender,hist_gradient_boosting,0.75,34,114,M,0.4411764705882353,0.4225352112676056,0.4316546762589928,71.0
gender,xgboost,0.75,34,114,F,0.4925373134328358,0.4647887323943662,0.4782608695652174,71.0
gender,xgboost,0.75,34,114,M,0.49333333333333335,0.5211267605633803,0.5068493150684932,71.0
gender,mlp,0.75,34,114,F,0.532258064516129,0.4647887323943662,0.49624060150375937,71.0
gender,mlp,0.75,34,114,M,0.525,0.5915492957746479,0.5562913907284768,71.0
gender,logistic_regression,0.75,55,114,F,0.5068493150684932,0.5211267605633803,0.5138888888888888,71.0
gender,logistic_regression,0.75,55,114,M,0.5072463768115942,0.49295774647887325,0.5,71.0
gender,random_forest,0.75,55,114,F,0.5512820512820513,0.6056338028169014,0.5771812080536913,71.0
gender,random_forest,0.75,55,114,M,0.5625,0.5070422535211268,0.5333333333333333,71.0
gender,hist_gradient_boosting,0.75,55,114,F,0.5538461538461539,0.5070422535211268,0.5294117647058824,71.0
gender,hist_gradient_boosting,0.75,55,114,M,0.5454545454545454,0.5915492957746479,0.5675675675675675,71.0
gender,xgboost,0.75,55,114,F,0.453125,0.4084507042253521,0.42962962962962964,71.0
gender,xgboost,0.75,55,114,M,0.46153846153846156,0.5070422535211268,0.48322147651006714,71.0
gender,mlp,0.75,55,114,F,0.5221238938053098,0.8309859154929577,0.6413043478260869,71.0
gender,mlp,0.75,55,114,M,0.5862068965517241,0.23943661971830985,0.34,71.0
gender,logistic_regression,0.75,89,114,F,0.4444444444444444,0.4507042253521127,0.44755244755244755,71.0
gender,logistic_regression,0.75,89,114,M,0.44285714285714284,0.43661971830985913,0.4397163120567376,71.0
gender,random_forest,0.75,89,114,F,0.52,0.5492957746478874,0.5342465753424658,71.0
gender,random_forest,0.75,89,114,M,0.5223880597014925,0.49295774647887325,0.5072463768115942,71.0
gender,hist_gradient_boosting,0.75,89,114,F,0.5303030303030303,0.49295774647887325,0.5109489051094891,71.0
gender,hist_gradient_boosting,0.75,89,114,M,0.5263157894736842,0.5633802816901409,0.54421768707483,71.0
gender,xgboost,0.75,89,114,F,0.5901639344262295,0.5070422535211268,0.5454545454545454,71.0
gender,xgboost,0.75,89,114,M,0.5679012345679012,0.647887323943662,0.6052631578947368,71.0
gender,mlp,0.75,89,114,F,0.5384615384615384,0.7887323943661971,0.64,71.0
gender,mlp,0.75,89,114,M,0.6052631578947368,0.323943661971831,0.42201834862385323,71.0
gender,logistic_regression,1.0,13,152,F,0.4666666666666667,0.49295774647887325,0.4794520547945205,71.0
gender,logistic_regression,1.0,13,152,M,0.4626865671641791,0.43661971830985913,0.4492753623188406,71.0
gender,random_forest,1.0,13,152,F,0.49230769230769234,0.4507042253521127,0.47058823529411764,71.0
gender,random_forest,1.0,13,152,M,0.4935064935064935,0.5352112676056338,0.5135135135135135,71.0
gender,hist_gradient_boosting,1.0,13,152,F,0.5128205128205128,0.5633802816901409,0.5369127516778524,71.0
gender,hist_gradient_boosting,1.0,13,152,M,0.515625,0.4647887323943662,0.4888888888888889,71.0
gender,xgboost,1.0,13,152,F,0.5569620253164557,0.6197183098591549,0.5866666666666667,71.0
gender,xgboost,1.0,13,152,M,0.5714285714285714,0.5070422535211268,0.5373134328358209,71.0
gender,mlp,1.0,13,152,F,0.5168539325842697,0.647887323943662,0.575,71.0
gender,mlp,1.0,13,152,M,0.5283018867924528,0.39436619718309857,0.45161290322580644,71.0
gender,logistic_regression,1.0,21,152,F,0.4666666666666667,0.49295774647887325,0.4794520547945205,71.0
gender,logistic_regression,1.0,21,152,M,0.4626865671641791,0.43661971830985913,0.4492753623188406,71.0
gender,random_forest,1.0,21,152,F,0.4788732394366197,0.4788732394366197,0.4788732394366197,71.0
gender,random_forest,1.0,21,152,M,0.4788732394366197,0.4788732394366197,0.4788732394366197,71.0
gender,hist_gradient_boosting,1.0,21,152,F,0.4868421052631579,0.5211267605633803,0.5034013605442177,71.0
gender,hist_gradient_boosting,1.0,21,152,M,0.48484848484848486,0.4507042253521127,0.46715328467153283,71.0
gender,xgboost,1.0,21,152,F,0.5901639344262295,0.5070422535211268,0.5454545454545454,71.0
gender,xgboost,1.0,21,152,M,0.5679012345679012,0.647887323943662,0.6052631578947368,71.0
gender,mlp,1.0,21,152,F,0.5204081632653061,0.7183098591549296,0.6035502958579881,71.0
gender,mlp,1.0,21,152,M,0.5454545454545454,0.3380281690140845,0.41739130434782606,71.0
gender,logistic_regression,1.0,34,152,F,0.4666666666666667,0.49295774647887325,0.4794520547945205,71.0
gender,logistic_regression,1.0,34,152,M,0.4626865671641791,0.43661971830985913,0.4492753623188406,71.0
gender,random_forest,1.0,34,152,F,0.5441176470588235,0.5211267605633803,0.5323741007194245,71.0
gender,random_forest,1.0,34,152,M,0.5405405405405406,0.5633802816901409,0.5517241379310345,71.0
gender,hist_gradient_boosting,1.0,34,152,F,0.5609756097560976,0.647887323943662,0.6013071895424836,71.0
gender,hist_gradient_boosting,1.0,34,152,M,0.5833333333333334,0.49295774647887325,0.5343511450381679,71.0
gender,xgboost,1.0,34,152,F,0.5,0.4225352112676056,0.4580152671755725,71.0
gender,xgboost,1.0,34,152,M,0.5,0.5774647887323944,0.5359477124183006,71.0
gender,mlp,1.0,34,152,F,0.4714285714285714,0.4647887323943662,0.46808510638297873,71.0
gender,mlp,1.0,34,152,M,0.4722222222222222,0.4788732394366197,0.4755244755244755,71.0
gender,logistic_regression,1.0,55,152,F,0.4666666666666667,0.49295774647887325,0.4794520547945205,71.0
gender,logistic_regression,1.0,55,152,M,0.4626865671641791,0.43661971830985913,0.4492753623188406,71.0
gender,random_forest,1.0,55,152,F,0.5070422535211268,0.5070422535211268,0.5070422535211268,71.0
gender,random_forest,1.0,55,152,M,0.5070422535211268,0.5070422535211268,0.5070422535211268,71.0
gender,hist_gradient_boosting,1.0,55,152,F,0.5443037974683544,0.6056338028169014,0.5733333333333334,71.0
gender,hist_gradient_boosting,1.0,55,152,M,0.5555555555555556,0.49295774647887325,0.5223880597014925,71.0
gender,xgboost,1.0,55,152,F,0.53125,0.4788732394366197,0.5037037037037037,71.0
gender,xgboost,1.0,55,152,M,0.5256410256410257,0.5774647887323944,0.5503355704697986,71.0
gender,mlp,1.0,55,152,F,0.5327868852459017,0.9154929577464789,0.6735751295336787,71.0
gender,mlp,1.0,55,152,M,0.7,0.19718309859154928,0.3076923076923077,71.0
gender,logistic_regression,1.0,89,152,F,0.4666666666666667,0.49295774647887325,0.4794520547945205,71.0
gender,logistic_regression,1.0,89,152,M,0.4626865671641791,0.43661971830985913,0.4492753623188406,71.0
gender,random_forest,1.0,89,152,F,0.5373134328358209,0.5070422535211268,0.5217391304347826,71.0
gender,random_forest,1.0,89,152,M,0.5333333333333333,0.5633802816901409,0.547945205479452,71.0
gender,hist_gradient_boosting,1.0,89,152,F,0.5061728395061729,0.5774647887323944,0.5394736842105263,71.0
gender,hist_gradient_boosting,1.0,89,152,M,0.5081967213114754,0.43661971830985913,0.4696969696969697,71.0
gender,xgboost,1.0,89,152,F,0.5277777777777778,0.5352112676056338,0.5314685314685315,71.0
gender,xgboost,1.0,89,152,M,0.5285714285714286,0.5211267605633803,0.524822695035461,71.0
gender,mlp,1.0,89,152,F,0.5365853658536586,0.6197183098591549,0.5751633986928104,71.0
gender,mlp,1.0,89,152,M,0.55,0.4647887323943662,0.5038167938931297,71.0
age,logistic_regression,0.1,13,16,18-24,0.4264705882352941,0.5178571428571429,0.46774193548387094,56.0
age,logistic_regression,0.1,13,16,25-34,0.4583333333333333,0.5689655172413793,0.5076923076923077,58.0
age,logistic_regression,0.1,13,16,35-49,0.0,0.0,0.0,20.0
age,logistic_regression,0.1,13,16,50-XX,0.0,0.0,0.0,8.0
age,random_forest,0.1,13,16,18-24,0.3804347826086957,0.625,0.47297297297297297,56.0
age,random_forest,0.1,13,16,25-34,0.4,0.3448275862068966,0.37037037037037035,58.0
age,random_forest,0.1,13,16,35-49,0.0,0.0,0.0,20.0
age,random_forest,0.1,13,16,50-XX,0.0,0.0,0.0,8.0
age,hist_gradient_boosting,0.1,13,16,18-24,0.39436619718309857,1.0,0.5656565656565656,56.0
age,hist_gradient_boosting,0.1,13,16,25-34,0.0,0.0,0.0,58.0
age,hist_gradient_boosting,0.1,13,16,35-49,0.0,0.0,0.0,20.0
age,hist_gradient_boosting,0.1,13,16,50-XX,0.0,0.0,0.0,8.0
age,xgboost,0.1,13,16,18-24,0.375,0.48214285714285715,0.421875,56.0
age,xgboost,0.1,13,16,25-34,0.4142857142857143,0.5,0.453125,58.0
age,xgboost,0.1,13,16,35-49,0.0,0.0,0.0,20.0
age,xgboost,0.1,13,16,50-XX,0.0,0.0,0.0,8.0
age,mlp,0.1,13,16,18-24,0.37037037037037035,0.17857142857142858,0.24096385542168675,56.0
age,mlp,0.1,13,16,25-34,0.4444444444444444,0.41379310344827586,0.42857142857142855,58.0
age,mlp,0.1,13,16,35-49,0.14,0.35,0.2,20.0
age,mlp,0.1,13,16,50-XX,0.0,0.0,0.0,8.0
age,logistic_regression,0.1,21,16,18-24,0.40217391304347827,0.6607142857142857,0.5,56.0
age,logistic_regression,0.1,21,16,25-34,0.5,0.43103448275862066,0.46296296296296297,58.0
age,logistic_regression,0.1,21,16,35-49,0.0,0.0,0.0,20.0
age,logistic_regression,0.1,21,16,50-XX,0.0,0.0,0.0,8.0
age,random_forest,0.1,21,16,18-24,0.4457831325301205,0.6607142857142857,0.5323741007194245,56.0
age,random_forest,0.1,21,16,25-34,0.576271186440678,0.5862068965517241,0.5811965811965812,58.0
age,random_forest,0.1,21,16,35-49,0.0,0.0,0.0,20.0
age,random_forest,0.1,21,16,50-XX,0.0,0.0,0.0,8.0
age,hist_gradient_boosting,0.1,21,16,18-24,0.39436619718309857,1.0,0.5656565656565656,56.0
age,hist_gradient_boosting,0.1,21,16,25-34,0.0,0.0,0.0,58.0
age,hist_gradient_boosting,0.1,21,16,35-49,0.0,0.0,0.0,20.0
age,hist_gradient_boosting,0.1,21,16,50-XX,0.0,0.0,0.0,8.0
age,xgboost,0.1,21,16,18-24,0.4142857142857143,0.5178571428571429,0.4603174603174603,56.0
age,xgboost,0.1,21,16,25-34,0.47058823529411764,0.5517241379310345,0.5079365079365079,58.0
age,xgboost,0.1,21,16,35-49,0.5,0.05,0.09090909090909091,20.0
age,xgboost,0.1,21,16,50-XX,0.0,0.0,0.0,8.0
age,mlp,0.1,21,16,18-24,0.5714285714285714,0.07142857142857142,0.12698412698412698,56.0
age,mlp,0.1,21,16,25-34,0.4444444444444444,0.13793103448275862,0.21052631578947367,58.0
age,mlp,0.1,21,16,35-49,0.22916666666666666,0.55,0.3235294117647059,20.0
age,mlp,0.1,21,16,50-XX,0.057971014492753624,0.5,0.1038961038961039,8.0
age,logistic_regression,0.1,34,16,18-24,0.4492753623188406,0.5535714285714286,0.496,56.0
age,logistic_regression,0.1,34,16,25-34,0.4794520547945205,0.603448275862069,0.5343511450381679,58.0
age,logistic_regression,0.1,34,16,35-49,0.0,0.0,0.0,20.0
age,logistic_regression,0.1,34,16,50-XX,0.0,0.0,0.0,8.0
age,random_forest,0.1,34,16,18-24,0.5208333333333334,0.44642857142857145,0.4807692307692308,56.0
age,random_forest,0.1,34,16,25-34,0.5212765957446809,0.8448275862068966,0.6447368421052632,58.0
age,random_forest,0.1,34,16,35-49,0.0,0.0,0.0,20.0
age,random_forest,0.1,34,16,50-XX,0.0,0.0,0.0,8.0
age,hist_gradient_boosting,0.1,34,16,18-24,0.0,0.0,0.0,56.0
age,hist_gradient_boosting,0.1,34,16,25-34,0.4084507042253521,1.0,0.58,58.0
age,hist_gradient_boosting,0.1,34,16,35-49,0.0,0.0,0.0,20.0
age,hist_gradient_boosting,0.1,34,16,50-XX,0.0,0.0,0.0,8.0
age,xgboost,0.1,34,16,18-24,0.49019607843137253,0.44642857142857145,0.4672897196261682,56.0
age,xgboost,0.1,34,16,25-34,0.4666666666666667,0.7241379310344828,0.5675675675675675,58.0
age,xgboost,0.1,34,16,35-49,0.0,0.0,0.0,20.0
age,xgboost,0.1,34,16,50-XX,0.0,0.0,0.0,8.0
age,mlp,0.1,34,16,18-24,0.23076923076923078,0.05357142857142857,0.08695652173913043,56.0
age,mlp,0.1,34,16,25-34,0.43283582089552236,0.5,0.464,58.0
age,mlp,0.1,34,16,35-49,0.1,0.2,0.13333333333333333,20.0
age,mlp,0.1,34,16,50-XX,0.0,0.0,0.0,8.0
age,logistic_regression,0.1,55,16,18-24,0.41904761904761906,0.7857142857142857,0.546583850931677,56.0
age,logistic_regression,0.1,55,16,25-34,0.5135135135135135,0.3275862068965517,0.4,58.0
age,logistic_regression,0.1,55,16,35-49,0.0,0.0,0.0,20.0
age,logistic_regression,0.1,55,16,50-XX,0.0,0.0,0.0,8.0
age,random_forest,0.1,55,16,18-24,0.4342105263157895,0.5892857142857143,0.5,56.0
age,random_forest,0.1,55,16,25-34,0.45454545454545453,0.5172413793103449,0.4838709677419355,58.0
age,random_forest,0.1,55,16,35-49,0.0,0.0,0.0,20.0
age,random_forest,0.1,55,16,50-XX,0.0,0.0,0.0,8.0
age,hist_gradient_boosting,0.1,55,16,18-24,0.39436619718309857,1.0,0.5656565656565656,56.0
age,hist_gradient_boosting,0.1,55,16,25-34,0.0,0.0,0.0,58.0
age,hist_gradient_boosting,0.1,55,16,35-49,0.0,0.0,0.0,20.0
age,hist_gradient_boosting,0.1,55,16,50-XX,0.0,0.0,0.0,8.0
age,xgboost,0.1,55,16,18-24,0.40860215053763443,0.6785714285714286,0.5100671140939598,56.0
age,xgboost,0.1,55,16,25-34,0.40425531914893614,0.3275862068965517,0.3619047619047619,58.0
age,xgboost,0.1,55,16,35-49,0.0,0.0,0.0,20.0
age,xgboost,0.1,55,16,50-XX,0.0,0.0,0.0,8.0
age,mlp,0.1,55,16,18-24,0.4,0.6071428571428571,0.48226950354609927,56.0
age,mlp,0.1,55,16,25-34,0.41379310344827586,0.20689655172413793,0.27586206896551724,58.0
age,mlp,0.1,55,16,35-49,0.11764705882352941,0.1,0.10810810810810811,20.0
age,mlp,0.1,55,16,50-XX,0.0,0.0,0.0,8.0
age,logistic_regression,0.1,89,16,18-24,0.3220338983050847,0.3392857142857143,0.33043478260869563,56.0
age,logistic_regression,0.1,89,16,25-34,0.3855421686746988,0.5517241379310345,0.45390070921985815,58.0
age,logistic_regression,0.1,89,16,35-49,0.0,0.0,0.0,20.0
age,logistic_regression,0.1,89,16,50-XX,0.0,0.0,0.0,8.0
age,random_forest,0.1,89,16,18-24,0.42391304347826086,0.6964285714285714,0.527027027027027,56.0
age,random_forest,0.1,89,16,25-34,0.52,0.4482758620689655,0.48148148148148145,58.0
age,random_forest,0.1,89,16,35-49,0.0,0.0,0.0,20.0
age,random_forest,0.1,89,16,50-XX,0.0,0.0,0.0,8.0
age,hist_gradient_boosting,0.1,89,16,18-24,0.39436619718309857,1.0,0.5656565656565656,56.0
age,hist_gradient_boosting,0.1,89,16,25-34,0.0,0.0,0.0,58.0
age,hist_gradient_boosting,0.1,89,16,35-49,0.0,0.0,0.0,20.0
age,hist_gradient_boosting,0.1,89,16,50-XX,0.0,0.0,0.0,8.0
age,xgboost,0.1,89,16,18-24,0.41304347826086957,0.6785714285714286,0.5135135135135135,56.0
age,xgboost,0.1,89,16,25-34,0.4489795918367347,0.3793103448275862,0.411214953271028,58.0
age,xgboost,0.1,89,16,35-49,0.0,0.0,0.0,20.0
age,xgboost,0.1,89,16,50-XX,0.0,0.0,0.0,8.0
age,mlp,0.1,89,16,18-24,0.3472222222222222,0.44642857142857145,0.390625,56.0
age,mlp,0.1,89,16,25-34,0.4166666666666667,0.1724137931034483,0.24390243902439024,58.0
age,mlp,0.1,89,16,35-49,0.1111111111111111,0.05,0.06896551724137931,20.0
age,mlp,0.1,89,16,50-XX,0.05405405405405406,0.25,0.08888888888888889,8.0
age,logistic_regression,0.25,13,38,18-24,0.3225806451612903,0.35714285714285715,0.3389830508474576,56.0
age,logistic_regression,0.25,13,38,25-34,0.37333333333333335,0.4827586206896552,0.42105263157894735,58.0
age,logistic_regression,0.25,13,38,35-49,0.0,0.0,0.0,20.0
age,logistic_regression,0.25,13,38,50-XX,0.0,0.0,0.0,8.0
age,random_forest,0.25,13,38,18-24,0.34615384615384615,0.32142857142857145,0.3333333333333333,56.0
age,random_forest,0.25,13,38,25-34,0.4222222222222222,0.6551724137931034,0.5135135135135135,58.0
age,random_forest,0.25,13,38,35-49,0.0,0.0,0.0,20.0
age,random_forest,0.25,13,38,50-XX,0.0,0.0,0.0,8.0
age,hist_gradient_boosting,0.25,13,38,18-24,0.0,0.0,0.0,56.0
age,hist_gradient_boosting,0.25,13,38,25-34,0.4084507042253521,1.0,0.58,58.0
age,hist_gradient_boosting,0.25,13,38,35-49,0.0,0.0,0.0,20.0
age,hist_gradient_boosting,0.25,13,38,50-XX,0.0,0.0,0.0,8.0
age,xgboost,0.25,13,38,18-24,0.38333333333333336,0.4107142857142857,0.39655172413793105,56.0
age,xgboost,0.25,13,38,25-34,0.4444444444444444,0.5517241379310345,0.49230769230769234,58.0
age,xgboost,0.25,13,38,35-49,0.2222222222222222,0.1,0.13793103448275862,20.0
age,xgboost,0.25,13,38,50-XX,0.0,0.0,0.0,8.0
age,mlp,0.25,13,38,18-24,0.36363636363636365,0.14285714285714285,0.20512820512820512,56.0
age,mlp,0.25,13,38,25-34,0.4418604651162791,0.3275862068965517,0.37623762376237624,58.0
age,mlp,0.25,13,38,35-49,0.1076923076923077,0.35,0.16470588235294117,20.0
age,mlp,0.25,13,38,50-XX,0.0,0.0,0.0,8.0
age,logistic_regression,0.25,21,38,18-24,0.42857142857142855,0.42857142857142855,0.42857142857142855,56.0
age,logistic_regression,0.25,21,38,25-34,0.43037974683544306,0.5862068965517241,0.49635036496350365,58.0
age,logistic_regression,0.25,21,38,35-49,0.0,0.0,0.0,20.0
age,logistic_regression,0.25,21,38,50-XX,0.0,0.0,0.0,8.0
age,random_forest,0.25,21,38,18-24,0.3333333333333333,0.23214285714285715,0.2736842105263158,56.0
age,random_forest,0.25,21,38,25-34,0.3883495145631068,0.6896551724137931,0.4968944099378882,58.0
age,random_forest,0.25,21,38,35-49,0.0,0.0,0.0,20.0
age,random_forest,0.25,21,38,50-XX,0.0,0.0,0.0,8.0
age,hist_gradient_boosting,0.25,21,38,18-24,0.0,0.0,0.0,56.0
age,hist_gradient_boosting,0.25,21,38,25-34,0.4084507042253521,1.0,0.58,58.0
age,hist_gradient_boosting,0.25,21,38,35-49,0.0,0.0,0.0,20.0
age,hist_gradient_boosting,0.25,21,38,50-XX,0.0,0.0,0.0,8.0
age,xgboost,0.25,21,38,18-24,0.4067796610169492,0.42857142857142855,0.41739130434782606,56.0
age,xgboost,0.25,21,38,25-34,0.42857142857142855,0.5689655172413793,0.4888888888888889,58.0
age,xgboost,0.25,21,38,35-49,0.16666666666666666,0.05,0.07692307692307693,20.0
age,xgboost,0.25,21,38,50-XX,0.0,0.0,0.0,8.0
age,mlp,0.25,21,38,18-24,0.6,0.10714285714285714,0.18181818181818182,56.0
age,mlp,0.25,21,38,25-34,0.375,0.15517241379310345,0.21951219512195122,58.0
age,mlp,0.25,21,38,35-49,0.2777777777777778,0.5,0.35714285714285715,20.0
age,mlp,0.25,21,38,50-XX,0.05555555555555555,0.5,0.1,8.0
age,logistic_regression,0.25,34,38,18-24,0.3924050632911392,0.5535714285714286,0.45925925925925926,56.0
age,logistic_regression,0.25,34,38,25-34,0.4406779661016949,0.4482758620689655,0.4444444444444444,58.0
age,logistic_regression,0.25,34,38,35-49,0.0,0.0,0.0,20.0
age,logistic_regression,0.25,34,38,50-XX,0.0,0.0,0.0,8.0
age,random_forest,0.25,34,38,18-24,0.4126984126984127,0.4642857142857143,0.4369747899159664,56.0
age,random_forest,0.25,34,38,25-34,0.45569620253164556,0.6206896551724138,0.5255474452554745,58.0
age,random_forest,0.25,34,38,35-49,0.0,0.0,0.0,20.0
age,random_forest,0.25,34,38,50-XX,0.0,0.0,0.0,8.0
age,hist_gradient_boosting,0.25,34,38,18-24,0.0,0.0,0.0,56.0
age,hist_gradient_boosting,0.25,34,38,25-34,0.4084507042253521,1.0,0.58,58.0
age,hist_gradient_boosting,0.25,34,38,35-49,0.0,0.0,0.0,20.0
age,hist_gradient_boosting,0.25,34,38,50-XX,0.0,0.0,0.0,8.0
age,xgboost,0.25,34,38,18-24,0.44776119402985076,0.5357142857142857,0.4878048780487805,56.0
age,xgboost,0.25,34,38,25-34,0.4647887323943662,0.5689655172413793,0.5116279069767442,58.0
age,xgboost,0.25,34,38,35-49,0.0,0.0,0.0,20.0
age,xgboost,0.25,34,38,50-XX,0.0,0.0,0.0,8.0
age,mlp,0.25,34,38,18-24,0.26666666666666666,0.07142857142857142,0.11267605633802817,56.0
age,mlp,0.25,34,38,25-34,0.42028985507246375,0.5,0.4566929133858268,58.0
age,mlp,0.25,34,38,35-49,0.06818181818181818,0.15,0.09375,20.0
age,mlp,0.25,34,38,50-XX,0.0,0.0,0.0,8.0
age,logistic_regression,0.25,55,38,18-24,0.3114754098360656,0.3392857142857143,0.3247863247863248,56.0
age,logistic_regression,0.25,55,38,25-34,0.3670886075949367,0.5,0.4233576642335766,58.0
age,logistic_regression,0.25,55,38,35-49,0.0,0.0,0.0,20.0
age,logistic_regression,0.25,55,38,50-XX,0.0,0.0,0.0,8.0
age,random_forest,0.25,55,38,18-24,0.30952380952380953,0.23214285714285715,0.2653061224489796,56.0
age,random_forest,0.25,55,38,25-34,0.37,0.6379310344827587,0.46835443037974683,58.0
age,random_forest,0.25,55,38,35-49,0.0,0.0,0.0,20.0
age,random_forest,0.25,55,38,50-XX,0.0,0.0,0.0,8.0
age,hist_gradient_boosting,0.25,55,38,18-24,0.0,0.0,0.0,56.0
age,hist_gradient_boosting,0.25,55,38,25-34,0.4084507042253521,1.0,0.58,58.0
age,hist_gradient_boosting,0.25,55,38,35-49,0.0,0.0,0.0,20.0
age,hist_gradient_boosting,0.25,55,38,50-XX,0.0,0.0,0.0,8.0
age,xgboost,0.25,55,38,18-24,0.3770491803278688,0.4107142857142857,0.39316239316239315,56.0
age,xgboost,0.25,55,38,25-34,0.38461538461538464,0.5172413793103449,0.4411764705882353,58.0
age,xgboost,0.25,55,38,35-49,0.0,0.0,0.0,20.0
age,xgboost,0.25,55,38,50-XX,0.0,0.0,0.0,8.0
age,mlp,0.25,55,38,18-24,0.375,0.32142857142857145,0.34615384615384615,56.0
age,mlp,0.25,55,38,25-34,0.42857142857142855,0.3620689655172414,0.3925233644859813,58.0
age,mlp,0.25,55,38,35-49,0.17857142857142858,0.25,0.20833333333333334,20.0
age,mlp,0.25,55,38,50-XX,0.0,0.0,0.0,8.0
age,logistic_regression,0.25,89,38,18-24,0.358974358974359,0.5,0.417910447761194,56.0
age,logistic_regression,0.25,89,38,25-34,0.38333333333333336,0.39655172413793105,0.3898305084745763,58.0
age,logistic_regression,0.25,89,38,35-49,0.5,0.1,0.16666666666666666,20.0
age,logistic_regression,0.25,89,38,50-XX,0.0,0.0,0.0,8.0
age,random_forest,0.25,89,38,18-24,0.3870967741935484,0.42857142857142855,0.4067796610169492,56.0
age,random_forest,0.25,89,38,25-34,0.45,0.6206896551724138,0.5217391304347826,58.0
age,random_forest,0.25,89,38,35-49,0.0,0.0,0.0,20.0
age,random_forest,0.25,89,38,50-XX,0.0,0.0,0.0,8.0
age,hist_gradient_boosting,0.25,89,38,18-24,0.0,0.0,0.0,56.0
age,hist_gradient_boosting,0.25,89,38,25-34,0.4084507042253521,1.0,0.58,58.0
age,hist_gradient_boosting,0.25,89,38,35-49,0.0,0.0,0.0,20.0
age,hist_gradient_boosting,0.25,89,38,50-XX,0.0,0.0,0.0,8.0
age,xgboost,0.25,89,38,18-24,0.38571428571428573,0.48214285714285715,0.42857142857142855,56.0
age,xgboost,0.25,89,38,25-34,0.36231884057971014,0.43103448275862066,0.3937007874015748,58.0
age,xgboost,0.25,89,38,35-49,0.3333333333333333,0.05,0.08695652173913043,20.0
age,xgboost,0.25,89,38,50-XX,0.0,0.0,0.0,8.0
age,mlp,0.25,89,38,18-24,0.37254901960784315,0.3392857142857143,0.35514018691588783,56.0
age,mlp,0.25,89,38,25-34,0.5333333333333333,0.13793103448275862,0.2191780821917808,58.0
age,mlp,0.25,89,38,35-49,0.10714285714285714,0.15,0.125,20.0
age,mlp,0.25,89,38,50-XX,0.041666666666666664,0.25,0.07142857142857142,8.0
age,logistic_regression,0.5,13,76,18-24,0.4177215189873418,0.5892857142857143,0.4888888888888889,56.0
age,logistic_regression,0.5,13,76,25-34,0.43103448275862066,0.43103448275862066,0.43103448275862066,58.0
age,logistic_regression,0.5,13,76,35-49,0.0,0.0,0.0,20.0
age,logistic_regression,0.5,13,76,50-XX,0.0,0.0,0.0,8.0
age,random_forest,0.5,13,76,18-24,0.42424242424242425,0.5,0.45901639344262296,56.0
age,random_forest,0.5,13,76,25-34,0.4605263157894737,0.603448275862069,0.5223880597014925,58.0
age,random_forest,0.5,13,76,35-49,0.0,0.0,0.0,20.0
age,random_forest,0.5,13,76,50-XX,0.0,0.0,0.0,8.0
age,hist_gradient_boosting,0.5,13,76,18-24,0.3333333333333333,0.5,0.4,56.0
age,hist_gradient_boosting,0.5,13,76,25-34,0.3392857142857143,0.3275862068965517,0.3333333333333333,58.0
age,hist_gradient_boosting,0.5,13,76,35-49,0.0,0.0,0.0,20.0
age,hist_gradient_boosting,0.5,13,76,50-XX,0.0,0.0,0.0,8.0
age,xgboost,0.5,13,76,18-24,0.4225352112676056,0.5357142857142857,0.47244094488188976,56.0
age,xgboost,0.5,13,76,25-34,0.391304347826087,0.46551724137931033,0.4251968503937008,58.0
age,xgboost,0.5,13,76,35-49,0.0,0.0,0.0,20.0
age,xgboost,0.5,13,76,50-XX,0.0,0.0,0.0,8.0
age,mlp,0.5,13,76,18-24,0.4166666666666667,0.26785714285714285,0.32608695652173914,56.0
age,mlp,0.5,13,76,25-34,0.41379310344827586,0.41379310344827586,0.41379310344827586,58.0
age,mlp,0.5,13,76,35-49,0.05128205128205128,0.1,0.06779661016949153,20.0
age,mlp,0.5,13,76,50-XX,0.0,0.0,0.0,8.0
age,logistic_regression,0.5,21,76,18-24,0.4117647058823529,0.5,0.45161290322580644,56.0
age,logistic_regression,0.5,21,76,25-34,0.4375,0.4827586206896552,0.45901639344262296,58.0
age,logistic_regression,0.5,21,76,35-49,0.1,0.05,0.06666666666666667,20.0
age,logistic_regression,0.5,21,76,50-XX,0.0,0.0,0.0,8.0
age,random_forest,0.5,21,76,18-24,0.4153846153846154,0.48214285714285715,0.4462809917355372,56.0
age,random_forest,0.5,21,76,25-34,0.45454545454545453,0.603448275862069,0.5185185185185185,58.0
age,random_forest,0.5,21,76,35-49,0.0,0.0,0.0,20.0
age,random_forest,0.5,21,76,50-XX,0.0,0.0,0.0,8.0
age,hist_gradient_boosting,0.5,21,76,18-24,0.3939393939393939,0.4642857142857143,0.4262295081967213,56.0
age,hist_gradient_boosting,0.5,21,76,25-34,0.4411764705882353,0.5172413793103449,0.47619047619047616,58.0
age,hist_gradient_boosting,0.5,21,76,35-49,0.0,0.0,0.0,20.0
age,hist_gradient_boosting,0.5,21,76,50-XX,0.0,0.0,0.0,8.0
age,xgboost,0.5,21,76,18-24,0.3698630136986301,0.48214285714285715,0.4186046511627907,56.0
age,xgboost,0.5,21,76,25-34,0.4090909090909091,0.46551724137931033,0.43548387096774194,58.0
age,xgboost,0.5,21,76,35-49,0.0,0.0,0.0,20.0
age,xgboost,0.5,21,76,50-XX,0.0,0.0,0.0,8.0
age,mlp,0.5,21,76,18-24,0.46153846153846156,0.10714285714285714,0.17391304347826086,56.0
age,mlp,0.5,21,76,25-34,0.44,0.1896551724137931,0.26506024096385544,58.0
age,mlp,0.5,21,76,35-49,0.2564102564102564,0.5,0.3389830508474576,20.0
age,mlp,0.5,21,76,50-XX,0.046153846153846156,0.375,0.0821917808219178,8.0
age,logistic_regression,0.5,34,76,18-24,0.417910447761194,0.5,0.45528455284552843,56.0
age,logistic_regression,0.5,34,76,25-34,0.4393939393939394,0.5,0.46774193548387094,58.0
age,logistic_regression,0.5,34,76,35-49,0.0,0.0,0.0,20.0
age,logistic_regression,0.5,34,76,50-XX,0.0,0.0,0.0,8.0
age,random_forest,0.5,34,76,18-24,0.4098360655737705,0.44642857142857145,0.42735042735042733,56.0
age,random_forest,0.5,34,76,25-34,0.48148148148148145,0.6724137931034483,0.5611510791366906,58.0
age,random_forest,0.5,34,76,35-49,0.0,0.0,0.0,20.0
age,random_forest,0.5,34,76,50-XX,0.0,0.0,0.0,8.0
age,hist_gradient_boosting,0.5,34,76,18-24,0.35365853658536583,0.5178571428571429,0.42028985507246375,56.0
age,hist_gradient_boosting,0.5,34,76,25-34,0.3508771929824561,0.3448275862068966,0.34782608695652173,58.0
age,hist_gradient_boosting,0.5,34,76,35-49,0.3333333333333333,0.05,0.08695652173913043,20.0
age,hist_gradient_boosting,0.5,34,76,50-XX,0.0,0.0,0.0,8.0
age,xgboost,0.5,34,76,18-24,0.4069767441860465,0.625,0.49295774647887325,56.0
age,xgboost,0.5,34,76,25-34,0.41818181818181815,0.39655172413793105,0.40707964601769914,58.0
age,xgboost,0.5,34,76,35-49,0.0,0.0,0.0,20.0
age,xgboost,0.5,34,76,50-XX,0.0,0.0,0.0,8.0
age,mlp,0.5,34,76,18-24,0.4166666666666667,0.17857142857142858,0.25,56.0
age,mlp,0.5,34,76,25-34,0.4461538461538462,0.5,0.4715447154471545,58.0
age,mlp,0.5,34,76,35-49,0.075,0.15,0.1,20.0
age,mlp,0.5,34,76,50-XX,0.0,0.0,0.0,8.0
age,logistic_regression,0.5,55,76,18-24,0.3076923076923077,0.35714285714285715,0.3305785123966942,56.0
age,logistic_regression,0.5,55,76,25-34,0.3698630136986301,0.46551724137931033,0.4122137404580153,58.0
age,logistic_regression,0.5,55,76,35-49,0.0,0.0,0.0,20.0
age,logistic_regression,0.5,55,76,50-XX,0.0,0.0,0.0,8.0
age,random_forest,0.5,55,76,18-24,0.4,0.32142857142857145,0.3564356435643564,56.0
age,random_forest,0.5,55,76,25-34,0.4329896907216495,0.7241379310344828,0.5419354838709678,58.0
age,random_forest,0.5,55,76,35-49,0.0,0.0,0.0,20.0
age,random_forest,0.5,55,76,50-XX,0.0,0.0,0.0,8.0
age,hist_gradient_boosting,0.5,55,76,18-24,0.3125,0.35714285714285715,0.3333333333333333,56.0
age,hist_gradient_boosting,0.5,55,76,25-34,0.34615384615384615,0.46551724137931033,0.39705882352941174,58.0
age,hist_gradient_boosting,0.5,55,76,35-49,0.0,0.0,0.0,20.0
age,hist_gradient_boosting,0.5,55,76,50-XX,0.0,0.0,0.0,8.0
age,xgboost,0.5,55,76,18-24,0.39285714285714285,0.39285714285714285,0.39285714285714285,56.0
age,xgboost,0.5,55,76,25-34,0.4642857142857143,0.6724137931034483,0.5492957746478874,58.0
age,xgboost,0.5,55,76,35-49,0.0,0.0,0.0,20.0
age,xgboost,0.5,55,76,50-XX,0.0,0.0,0.0,8.0
age,mlp,0.5,55,76,18-24,0.36666666666666664,0.39285714285714285,0.3793103448275862,56.0
age,mlp,0.5,55,76,25-34,0.41025641025641024,0.27586206896551724,0.32989690721649484,58.0
age,mlp,0.5,55,76,35-49,0.2692307692307692,0.35,0.30434782608695654,20.0
age,mlp,0.5,55,76,50-XX,0.058823529411764705,0.125,0.08,8.0
age,logistic_regression,0.5,89,76,18-24,0.3717948717948718,0.5178571428571429,0.43283582089552236,56.0
age,logistic_regression,0.5,89,76,25-34,0.41818181818181815,0.39655172413793105,0.40707964601769914,58.0
age,logistic_regression,0.5,89,76,35-49,0.125,0.05,0.07142857142857142,20.0
age,logistic_regression,0.5,89,76,50-XX,0.0,0.0,0.0,8.0
age,random_forest,0.5,89,76,18-24,0.40540540540540543,0.5357142857142857,0.46153846153846156,56.0
age,random_forest,0.5,89,76,25-34,0.39705882352941174,0.46551724137931033,0.42857142857142855,58.0
age,random_forest,0.5,89,76,35-49,0.0,0.0,0.0,20.0
age,random_forest,0.5,89,76,50-XX,0.0,0.0,0.0,8.0
age,hist_gradient_boosting,0.5,89,76,18-24,0.39344262295081966,0.42857142857142855,0.41025641025641024,56.0
age,hist_gradient_boosting,0.5,89,76,25-34,0.4444444444444444,0.6206896551724138,0.5179856115107914,58.0
age,hist_gradient_boosting,0.5,89,76,35-49,0.0,0.0,0.0,20.0
age,hist_gradient_boosting,0.5,89,76,50-XX,0.0,0.0,0.0,8.0
age,xgboost,0.5,89,76,18-24,0.45714285714285713,0.5714285714285714,0.5079365079365079,56.0
age,xgboost,0.5,89,76,25-34,0.4714285714285714,0.5689655172413793,0.515625,58.0
age,xgboost,0.5,89,76,35-49,0.0,0.0,0.0,20.0
age,xgboost,0.5,89,76,50-XX,0.0,0.0,0.0,8.0
age,mlp,0.5,89,76,18-24,0.36363636363636365,0.42857142857142855,0.39344262295081966,56.0
age,mlp,0.5,89,76,25-34,0.5,0.10344827586206896,0.17142857142857143,58.0
age,mlp,0.5,89,76,35-49,0.08695652173913043,0.1,0.09302325581395349,20.0
age,mlp,0.5,89,76,50-XX,0.024390243902439025,0.125,0.04081632653061224,8.0
age,logistic_regression,0.75,13,114,18-24,0.36619718309859156,0.4642857142857143,0.4094488188976378,56.0
age,logistic_regression,0.75,13,114,25-34,0.4426229508196721,0.46551724137931033,0.453781512605042,58.0
age,logistic_regression,0.75,13,114,35-49,0.2222222222222222,0.1,0.13793103448275862,20.0
age,logistic_regression,0.75,13,114,50-XX,0.0,0.0,0.0,8.0
age,random_forest,0.75,13,114,18-24,0.4098360655737705,0.44642857142857145,0.42735042735042733,56.0
age,random_forest,0.75,13,114,25-34,0.48148148148148145,0.6724137931034483,0.5611510791366906,58.0
age,random_forest,0.75,13,114,35-49,0.0,0.0,0.0,20.0
age,random_forest,0.75,13,114,50-XX,0.0,0.0,0.0,8.0
age,hist_gradient_boosting,0.75,13,114,18-24,0.4107142857142857,0.4107142857142857,0.4107142857142857,56.0
age,hist_gradient_boosting,0.75,13,114,25-34,0.4939759036144578,0.7068965517241379,0.5815602836879432,58.0
age,hist_gradient_boosting,0.75,13,114,35-49,0.3333333333333333,0.05,0.08695652173913043,20.0
age,hist_gradient_boosting,0.75,13,114,50-XX,0.0,0.0,0.0,8.0
age,xgboost,0.75,13,114,18-24,0.42424242424242425,0.5,0.45901639344262296,56.0
age,xgboost,0.75,13,114,25-34,0.5753424657534246,0.7241379310344828,0.6412213740458015,58.0
age,xgboost,0.75,13,114,35-49,0.6666666666666666,0.1,0.17391304347826086,20.0
age,xgboost,0.75,13,114,50-XX,0.0,0.0,0.0,8.0
age,mlp,0.75,13,114,18-24,0.3939393939393939,0.23214285714285715,0.29213483146067415,56.0
age,mlp,0.75,13,114,25-34,0.4339622641509434,0.39655172413793105,0.4144144144144144,58.0
age,mlp,0.75,13,114,35-49,0.06818181818181818,0.15,0.09375,20.0
age,mlp,0.75,13,114,50-XX,0.0,0.0,0.0,8.0
age,logistic_regression,0.75,21,114,18-24,0.34782608695652173,0.42857142857142855,0.384,56.0
age,logistic_regression,0.75,21,114,25-34,0.390625,0.43103448275862066,0.4098360655737705,58.0
age,logistic_regression,0.75,21,114,35-49,0.0,0.0,0.0,20.0
age,logistic_regression,0.75,21,114,50-XX,0.0,0.0,0.0,8.0
age,random_forest,0.75,21,114,18-24,0.42028985507246375,0.5178571428571429,0.464,56.0
age,random_forest,0.75,21,114,25-34,0.410958904109589,0.5172413793103449,0.4580152671755725,58.0
age,random_forest,0.75,21,114,35-49,0.0,0.0,0.0,20.0
age,random_forest,0.75,21,114,50-XX,0.0,0.0,0.0,8.0
age,hist_gradient_boosting,0.75,21,114,18-24,0.4,0.42857142857142855,0.41379310344827586,56.0
age,hist_gradient_boosting,0.75,21,114,25-34,0.4805194805194805,0.6379310344827587,0.5481481481481482,58.0
age,hist_gradient_boosting,0.75,21,114,35-49,0.0,0.0,0.0,20.0
age,hist_gradient_boosting,0.75,21,114,50-XX,0.0,0.0,0.0,8.0
age,xgboost,0.75,21,114,18-24,0.4166666666666667,0.5357142857142857,0.46875,56.0
age,xgboost,0.75,21,114,25-34,0.5217391304347826,0.6206896551724138,0.5669291338582677,58.0
age,xgboost,0.75,21,114,35-49,0.0,0.0,0.0,20.0
age,xgboost,0.75,21,114,50-XX,0.0,0.0,0.0,8.0
age,mlp,0.75,21,114,18-24,0.5,0.10714285714285714,0.17647058823529413,56.0
age,mlp,0.75,21,114,25-34,0.42857142857142855,0.3103448275862069,0.36,58.0
age,mlp,0.75,21,114,35-49,0.2631578947368421,0.5,0.3448275862068966,20.0
age,mlp,0.75,21,114,50-XX,0.02,0.125,0.034482758620689655,8.0
age,logistic_regression,0.75,34,114,18-24,0.3709677419354839,0.4107142857142857,0.3898305084745763,56.0
age,logistic_regression,0.75,34,114,25-34,0.45714285714285713,0.5517241379310345,0.5,58.0
age,logistic_regression,0.75,34,114,35-49,0.2222222222222222,0.1,0.13793103448275862,20.0
age,logistic_regression,0.75,34,114,50-XX,0.0,0.0,0.0,8.0
age,random_forest,0.75,34,114,18-24,0.4788732394366197,0.6071428571428571,0.5354330708661418,56.0
age,random_forest,0.75,34,114,25-34,0.5211267605633803,0.6379310344827587,0.5736434108527132,58.0
age,random_forest,0.75,34,114,35-49,0.0,0.0,0.0,20.0
age,random_forest,0.75,34,114,50-XX,0.0,0.0,0.0,8.0
age,hist_gradient_boosting,0.75,34,114,18-24,0.39344262295081966,0.42857142857142855,0.41025641025641024,56.0
age,hist_gradient_boosting,0.75,34,114,25-34,0.4430379746835443,0.603448275862069,0.5109489051094891,58.0
age,hist_gradient_boosting,0.75,34,114,35-49,0.0,0.0,0.0,20.0
age,hist_gradient_boosting,0.75,34,114,50-XX,0.0,0.0,0.0,8.0
age,xgboost,0.75,34,114,18-24,0.4177215189873418,0.5892857142857143,0.4888888888888889,56.0
age,xgboost,0.75,34,114,25-34,0.4838709677419355,0.5172413793103449,0.5,58.0
age,xgboost,0.75,34,114,35-49,0.0,0.0,0.0,20.0
age,xgboost,0.75,34,114,50-XX,0.0,0.0,0.0,8.0
age,mlp,0.75,34,114,18-24,0.23076923076923078,0.05357142857142857,0.08695652173913043,56.0
age,mlp,0.75,34,114,25-34,0.38596491228070173,0.3793103448275862,0.3826086956521739,58.0
age,mlp,0.75,34,114,35-49,0.09259259259259259,0.25,0.13513513513513514,20.0
age,mlp,0.75,34,114,50-XX,0.0,0.0,0.0,8.0
age,logistic_regression,0.75,55,114,18-24,0.36,0.48214285714285715,0.4122137404580153,56.0
age,logistic_regression,0.75,55,114,25-34,0.4098360655737705,0.43103448275862066,0.42016806722689076,58.0
age,logistic_regression,0.75,55,114,35-49,0.0,0.0,0.0,20.0
age,logistic_regression,0.75,55,114,50-XX,0.0,0.0,0.0,8.0
age,random_forest,0.75,55,114,18-24,0.35294117647058826,0.42857142857142855,0.3870967741935484,56.0
age,random_forest,0.75,55,114,25-34,0.36486486486486486,0.46551724137931033,0.4090909090909091,58.0
age,random_forest,0.75,55,114,35-49,0.0,0.0,0.0,20.0
age,random_forest,0.75,55,114,50-XX,0.0,0.0,0.0,8.0
age,hist_gradient_boosting,0.75,55,114,18-24,0.4,0.39285714285714285,0.3963963963963964,56.0
age,hist_gradient_boosting,0.75,55,114,25-34,0.43037974683544306,0.5862068965517241,0.49635036496350365,58.0
age,hist_gradient_boosting,0.75,55,114,35-49,0.0,0.0,0.0,20.0
age,hist_gradient_boosting,0.75,55,114,50-XX,0.0,0.0,0.0,8.0
age,xgboost,0.75,55,114,18-24,0.3548387096774194,0.39285714285714285,0.3728813559322034,56.0
age,xgboost,0.75,55,114,25-34,0.3924050632911392,0.5344827586206896,0.45255474452554745,58.0
age,xgboost,0.75,55,114,35-49,0.0,0.0,0.0,20.0
age,xgboost,0.75,55,114,50-XX,0.0,0.0,0.0,8.0
age,mlp,0.75,55,114,18-24,0.352112676056338,0.44642857142857145,0.3937007874015748,56.0
age,mlp,0.75,55,114,25-34,0.41509433962264153,0.3793103448275862,0.3963963963963964,58.0
age,mlp,0.75,55,114,35-49,0.2,0.1,0.13333333333333333,20.0
age,mlp,0.75,55,114,50-XX,0.0,0.0,0.0,8.0
age,logistic_regression,0.75,89,114,18-24,0.34615384615384615,0.48214285714285715,0.40298507462686567,56.0
age,logistic_regression,0.75,89,114,25-34,0.4,0.3793103448275862,0.3893805309734513,58.0
age,logistic_regression,0.75,89,114,35-49,0.0,0.0,0.0,20.0
age,logistic_regression,0.75,89,114,50-XX,0.0,0.0,0.0,8.0
age,random_forest,0.75,89,114,18-24,0.4444444444444444,0.5714285714285714,0.5,56.0
age,random_forest,0.75,89,114,25-34,0.45714285714285713,0.5517241379310345,0.5,58.0
age,random_forest,0.75,89,114,35-49,0.0,0.0,0.0,20.0
age,random_forest,0.75,89,114,50-XX,0.0,0.0,0.0,8.0
age,hist_gradient_boosting,0.75,89,114,18-24,0.3815789473684211,0.5178571428571429,0.4393939393939394,56.0
age,hist_gradient_boosting,0.75,89,114,25-34,0.36666666666666664,0.3793103448275862,0.3728813559322034,58.0
age,hist_gradient_boosting,0.75,89,114,35-49,0.3333333333333333,0.1,0.15384615384615385,20.0
age,hist_gradient_boosting,0.75,89,114,50-XX,0.0,0.0,0.0,8.0
age,xgboost,0.75,89,114,18-24,0.36363636363636365,0.5,0.42105263157894735,56.0
age,xgboost,0.75,89,114,25-34,0.4307692307692308,0.4827586206896552,0.45528455284552843,58.0
age,xgboost,0.75,89,114,35-49,0.0,0.0,0.0,20.0
age,xgboost,0.75,89,114,50-XX,0.0,0.0,0.0,8.0
age,mlp,0.75,89,114,18-24,0.4117647058823529,0.625,0.49645390070921985,56.0
age,mlp,0.75,89,114,25-34,0.4838709677419355,0.25862068965517243,0.33707865168539325,58.0
age,mlp,0.75,89,114,35-49,0.1,0.05,0.06666666666666667,20.0
age,mlp,0.75,89,114,50-XX,0.0,0.0,0.0,8.0
age,logistic_regression,1.0,13,152,18-24,0.3582089552238806,0.42857142857142855,0.3902439024390244,56.0
age,logistic_regression,1.0,13,152,25-34,0.45161290322580644,0.4827586206896552,0.4666666666666667,58.0
age,logistic_regression,1.0,13,152,35-49,0.16666666666666666,0.1,0.125,20.0
age,logistic_regression,1.0,13,152,50-XX,0.0,0.0,0.0,8.0
age,random_forest,1.0,13,152,18-24,0.38028169014084506,0.48214285714285715,0.4251968503937008,56.0
age,random_forest,1.0,13,152,25-34,0.4084507042253521,0.5,0.4496124031007752,58.0
age,random_forest,1.0,13,152,35-49,0.0,0.0,0.0,20.0
age,random_forest,1.0,13,152,50-XX,0.0,0.0,0.0,8.0
age,hist_gradient_boosting,1.0,13,152,18-24,0.45454545454545453,0.5357142857142857,0.4918032786885246,56.0
age,hist_gradient_boosting,1.0,13,152,25-34,0.4383561643835616,0.5517241379310345,0.48854961832061067,58.0
age,hist_gradient_boosting,1.0,13,152,35-49,0.0,0.0,0.0,20.0
age,hist_gradient_boosting,1.0,13,152,50-XX,0.0,0.0,0.0,8.0
age,xgboost,1.0,13,152,18-24,0.4050632911392405,0.5714285714285714,0.4740740740740741,56.0
age,xgboost,1.0,13,152,25-34,0.47540983606557374,0.5,0.48739495798319327,58.0
age,xgboost,1.0,13,152,35-49,0.0,0.0,0.0,20.0
age,xgboost,1.0,13,152,50-XX,0.0,0.0,0.0,8.0
age,mlp,1.0,13,152,18-24,0.375,0.26785714285714285,0.3125,56.0
age,mlp,1.0,13,152,25-34,0.4,0.41379310344827586,0.4067796610169492,58.0
age,mlp,1.0,13,152,35-49,0.06896551724137931,0.1,0.08163265306122448,20.0
age,mlp,1.0,13,152,50-XX,0.0,0.0,0.0,8.0
age,logistic_regression,1.0,21,152,18-24,0.3582089552238806,0.42857142857142855,0.3902439024390244,56.0
age,logistic_regression,1.0,21,152,25-34,0.45161290322580644,0.4827586206896552,0.4666666666666667,58.0
age,logistic_regression,1.0,21,152,35-49,0.16666666666666666,0.1,0.125,20.0
age,logistic_regression,1.0,21,152,50-XX,0.0,0.0,0.0,8.0
age,random_forest,1.0,21,152,18-24,0.3389830508474576,0.35714285714285715,0.34782608695652173,56.0
age,random_forest,1.0,21,152,25-34,0.42168674698795183,0.603448275862069,0.49645390070921985,58.0
age,random_forest,1.0,21,152,35-49,0.0,0.0,0.0,20.0
age,random_forest,1.0,21,152,50-XX,0.0,0.0,0.0,8.0
age,hist_gradient_boosting,1.0,21,152,18-24,0.421875,0.48214285714285715,0.45,56.0
age,hist_gradient_boosting,1.0,21,152,25-34,0.4594594594594595,0.5862068965517241,0.5151515151515151,58.0
age,hist_gradient_boosting,1.0,21,152,35-49,0.0,0.0,0.0,20.0
age,hist_gradient_boosting,1.0,21,152,50-XX,0.0,0.0,0.0,8.0
age,xgboost,1.0,21,152,18-24,0.4177215189873418,0.5892857142857143,0.4888888888888889,56.0
age,xgboost,1.0,21,152,25-34,0.5079365079365079,0.5517241379310345,0.5289256198347108,58.0
age,xgboost,1.0,21,152,35-49,0.0,0.0,0.0,20.0
age,xgboost,1.0,21,152,50-XX,0.0,0.0,0.0,8.0
age,mlp,1.0,21,152,18-24,0.5384615384615384,0.125,0.2028985507246377,56.0
age,mlp,1.0,21,152,25-34,0.4594594594594595,0.29310344827586204,0.35789473684210527,58.0
age,mlp,1.0,21,152,35-49,0.24324324324324326,0.45,0.3157894736842105,20.0
age,mlp,1.0,21,152,50-XX,0.03636363636363636,0.25,0.06349206349206349,8.0
age,logistic_regression,1.0,34,152,18-24,0.3582089552238806,0.42857142857142855,0.3902439024390244,56.0
age,logistic_regression,1.0,34,152,25-34,0.45161290322580644,0.4827586206896552,0.4666666666666667,58.0
age,logistic_regression,1.0,34,152,35-49,0.16666666666666666,0.1,0.125,20.0
age,logistic_regression,1.0,34,152,50-XX,0.0,0.0,0.0,8.0
age,random_forest,1.0,34,152,18-24,0.42424242424242425,0.5,0.45901639344262296,56.0
age,random_forest,1.0,34,152,25-34,0.4605263157894737,0.603448275862069,0.5223880597014925,58.0
age,random_forest,1.0,34,152,35-49,0.0,0.0,0.0,20.0
age,random_forest,1.0,34,152,50-XX,0.0,0.0,0.0,8.0
age,hist_gradient_boosting,1.0,34,152,18-24,0.41935483870967744,0.4642857142857143,0.4406779661016949,56.0
age,hist_gradient_boosting,1.0,34,152,25-34,0.4430379746835443,0.603448275862069,0.5109489051094891,58.0
age,hist_gradient_boosting,1.0,34,152,35-49,0.0,0.0,0.0,20.0
age,hist_gradient_boosting,1.0,34,152,50-XX,0.0,0.0,0.0,8.0
age,xgboost,1.0,34,152,18-24,0.4507042253521127,0.5714285714285714,0.5039370078740157,56.0
age,xgboost,1.0,34,152,25-34,0.4857142857142857,0.5862068965517241,0.53125,58.0
age,xgboost,1.0,34,152,35-49,0.0,0.0,0.0,20.0
age,xgboost,1.0,34,152,50-XX,0.0,0.0,0.0,8.0
age,mlp,1.0,34,152,18-24,0.40476190476190477,0.30357142857142855,0.3469387755102041,56.0
age,mlp,1.0,34,152,25-34,0.42857142857142855,0.5172413793103449,0.46875,58.0
age,mlp,1.0,34,152,35-49,0.043478260869565216,0.05,0.046511627906976744,20.0
age,mlp,1.0,34,152,50-XX,0.0,0.0,0.0,8.0
age,logistic_regression,1.0,55,152,18-24,0.3582089552238806,0.42857142857142855,0.3902439024390244,56.0
age,logistic_regression,1.0,55,152,25-34,0.45161290322580644,0.4827586206896552,0.4666666666666667,58.0
age,logistic_regression,1.0,55,152,35-49,0.16666666666666666,0.1,0.125,20.0
age,logistic_regression,1.0,55,152,50-XX,0.0,0.0,0.0,8.0
age,random_forest,1.0,55,152,18-24,0.3787878787878788,0.44642857142857145,0.4098360655737705,56.0
age,random_forest,1.0,55,152,25-34,0.4605263157894737,0.603448275862069,0.5223880597014925,58.0
age,random_forest,1.0,55,152,35-49,0.0,0.0,0.0,20.0
age,random_forest,1.0,55,152,50-XX,0.0,0.0,0.0,8.0
age,hist_gradient_boosting,1.0,55,152,18-24,0.42857142857142855,0.5357142857142857,0.47619047619047616,56.0
age,hist_gradient_boosting,1.0,55,152,25-34,0.5072463768115942,0.603448275862069,0.5511811023622047,58.0
age,hist_gradient_boosting,1.0,55,152,35-49,0.0,0.0,0.0,20.0
age,hist_gradient_boosting,1.0,55,152,50-XX,0.0,0.0,0.0,8.0
age,xgboost,1.0,55,152,18-24,0.4246575342465753,0.5535714285714286,0.4806201550387597,56.0
age,xgboost,1.0,55,152,25-34,0.4852941176470588,0.5689655172413793,0.5238095238095238,58.0
age,xgboost,1.0,55,152,35-49,0.0,0.0,0.0,20.0
age,xgboost,1.0,55,152,50-XX,0.0,0.0,0.0,8.0
age,mlp,1.0,55,152,18-24,0.3382352941176471,0.4107142857142857,0.3709677419354839,56.0
age,mlp,1.0,55,152,25-34,0.3783783783783784,0.2413793103448276,0.29473684210526313,58.0
age,mlp,1.0,55,152,35-49,0.24,0.3,0.26666666666666666,20.0
age,mlp,1.0,55,152,50-XX,0.0,0.0,0.0,8.0
age,logistic_regression,1.0,89,152,18-24,0.3582089552238806,0.42857142857142855,0.3902439024390244,56.0
age,logistic_regression,1.0,89,152,25-34,0.45161290322580644,0.4827586206896552,0.4666666666666667,58.0
age,logistic_regression,1.0,89,152,35-49,0.16666666666666666,0.1,0.125,20.0
age,logistic_regression,1.0,89,152,50-XX,0.0,0.0,0.0,8.0
age,random_forest,1.0,89,152,18-24,0.37254901960784315,0.3392857142857143,0.35514018691588783,56.0
age,random_forest,1.0,89,152,25-34,0.4175824175824176,0.6551724137931034,0.5100671140939598,58.0
age,random_forest,1.0,89,152,35-49,0.0,0.0,0.0,20.0
age,random_forest,1.0,89,152,50-XX,0.0,0.0,0.0,8.0
age,hist_gradient_boosting,1.0,89,152,18-24,0.39285714285714285,0.5892857142857143,0.4714285714285714,56.0
age,hist_gradient_boosting,1.0,89,152,25-34,0.38596491228070173,0.3793103448275862,0.3826086956521739,58.0
age,hist_gradient_boosting,1.0,89,152,35-49,0.0,0.0,0.0,20.0
age,hist_gradient_boosting,1.0,89,152,50-XX,0.0,0.0,0.0,8.0
age,xgboost,1.0,89,152,18-24,0.3875,0.5535714285714286,0.45588235294117646,56.0
age,xgboost,1.0,89,152,25-34,0.45901639344262296,0.4827586206896552,0.47058823529411764,58.0
age,xgboost,1.0,89,152,35-49,0.0,0.0,0.0,20.0
age,xgboost,1.0,89,152,50-XX,0.0,0.0,0.0,8.0
age,mlp,1.0,89,152,18-24,0.4,0.5357142857142857,0.4580152671755725,56.0
age,mlp,1.0,89,152,25-34,0.41935483870967744,0.22413793103448276,0.29213483146067415,58.0
age,mlp,1.0,89,152,35-49,0.08333333333333333,0.05,0.0625,20.0
age,mlp,1.0,89,152,50-XX,0.0,0.0,0.0,8.0
